{
    "num_layers": 24,
    "hidden_size": 1536,
    "has_lora": false,
    "feed_forward_dim": 4096,
    "num_attention_heads": 24,
    "dropout_rate": 0.1,
    "attention_importance": [
        [
            0.010628067745629056,
            0.022464057479088154,
            0.011576881021941243,
            0.03292650295285517,
            0.02678242114206894,
            0.009834614941794646,
            0.03344583683761033,
            0.01392421422011379,
            0.012187447747696301,
            0.04452062021405769,
            0.03571329478066965,
            0.011310846112719436,
            0.019169385836751325,
            0.01581349487679838,
            0.012521807357452407,
            0.038952729134850095,
            0.0,
            0.018375933032916916,
            0.02673213901425996,
            0.02288444666689244,
            0.01695911554398791,
            0.0340595875467875,
            0.05692067811017876,
            0.018345760999535925
        ],
        [
            0.22886206817035315,
            0.2785870126639426,
            0.12933008478810018,
            0.0671294248875499,
            0.2712605427583543,
            0.5206360512739318,
            0.3662770036080597,
            0.1803816890409041,
            0.11507874039245063,
            0.0932492122156515,
            0.17258514740099634,
            0.09764294393643369,
            0.4609441084239256,
            0.18173486821182488,
            0.15796979513437437,
            0.16354464686998096,
            0.08440697323244434,
            0.13033658191991693,
            0.5154013619923268,
            0.11590242725531712,
            0.07295038062316454,
            0.27350355570314905,
            0.6072510412004836,
            0.23886650245306626
        ],
        [
            0.2574267550457764,
            0.30717251259117273,
            0.1363256271699588,
            0.13347024186378867,
            0.296711045744345,
            0.5557134590797276,
            0.3134753938522022,
            0.16438069751262943,
            0.05457438556459655,
            0.11855682188503149,
            0.12539658339833276,
            0.16103412418381652,
            0.47251914245981247,
            0.23654861765567878,
            0.13382581424621418,
            0.18585753405390876,
            0.28243194142396755,
            0.046794260047008,
            0.6491930069965348,
            0.1487048306638389,
            0.21929876031812212,
            0.3898527330479795,
            1.0,
            0.17316322646906343
        ],
        [
            0.23240566253395267,
            0.5909150284555079,
            0.2701897043511504,
            0.2964686494999237,
            0.4332894343341944,
            0.8132432456236871,
            0.2369405646365933,
            0.07285381357617175,
            0.17209674364091315,
            0.4425353362546312,
            0.5645199988548687,
            0.30983950531979537,
            0.45814264408376115,
            0.29475442590580436,
            0.1620964444016054,
            0.2667570669855943,
            0.12122697103012021,
            0.12760039613164484,
            0.4344123467213496,
            0.19558897277100107,
            0.14294009773505892,
            0.2546682124561594,
            0.41543387583862296,
            0.3033344204362446
        ],
        [
            0.18993325336986397,
            0.5501731073895996,
            0.459388339693099,
            0.13435538925513657,
            0.29779566762956666,
            0.548983372701014,
            0.4759723447745711,
            0.2676101540070728,
            0.20616597273057413,
            0.22808076550239145,
            0.1701626735724097,
            0.17459794869593756,
            0.293889815896703,
            0.528462365226358,
            0.3865991154949187,
            0.2891222762520777,
            0.24486121271257344,
            0.17895206670089656,
            0.4234444473251914,
            0.1426835596421914,
            0.4403627293155515,
            0.387264002907542,
            0.5175964084336195,
            0.18931443034077622
        ],
        [
            0.34408202029509627,
            0.5641083139334326,
            0.27108427964146253,
            0.2787658395077457,
            0.373996605873672,
            0.3831732320335913,
            0.4778753468836225,
            0.2389141381530958,
            0.2815233345530333,
            0.5303276006056405,
            0.17704360633455019,
            0.16761642411122307,
            0.28157466422517163,
            0.23424162180592534,
            0.27824311488739817,
            0.35287188206183573,
            0.5643920881788633,
            0.3276007021248568,
            0.3170785604077947,
            0.2901928941236333,
            0.38724404443137217,
            0.2272573405256073,
            0.3469770744510017,
            0.2100026314037884
        ],
        [
            0.3715047735836997,
            0.5523782984707135,
            0.5952872579505823,
            0.27845590422103716,
            0.34849548995639995,
            0.24033011484986574,
            0.2979751560803146,
            0.2713650766556414,
            0.5616699615381694,
            0.5717377998197645,
            0.38532750694690737,
            0.2342679758158954,
            0.3416445500424262,
            0.15642634883289572,
            0.4640151224602064,
            0.3193300915420044,
            0.3365057662008692,
            0.22193038464215106,
            0.3365159384076463,
            0.23485154070821357,
            0.37426775445323845,
            0.33613879488212295,
            0.22453631656315481,
            0.3621394791766726
        ],
        [
            0.2544043415529864,
            0.4064521756248316,
            0.4002916225578141,
            0.1401389641983669,
            0.5101214629028233,
            0.37133418925975126,
            0.5070614756489568,
            0.34364908125055676,
            0.30356110351572557,
            0.32252149047529277,
            0.2210633763078746,
            0.2598126199567477,
            0.3515686266482955,
            0.6341482304722679,
            0.36692433086968823,
            0.36992154816466166,
            0.31896855091359716,
            0.5503354216267374,
            0.31062753432502976,
            0.4819372275876478,
            0.26767353043899866,
            0.3297521927756133,
            0.3120139041110174,
            0.3235270503306043
        ],
        [
            0.3261487229835044,
            0.44630202999342705,
            0.27332602450627963,
            0.5140152954428555,
            0.3973018207740142,
            0.4368448549219332,
            0.48295334558712094,
            0.32064059706498205,
            0.38919550924913415,
            0.1821790545744269,
            0.33353126407766914,
            0.49907097290638236,
            0.3572669645634637,
            0.30199973869282376,
            0.2516860742861375,
            0.4225243174666342,
            0.26615097989019504,
            0.25123130221241774,
            0.3220520527809621,
            0.3885640329872261,
            0.34338226068308797,
            0.34395077401741064,
            0.45230539627712946,
            0.5278939897268154
        ],
        [
            0.43789896018682345,
            0.6703420999975066,
            0.2871063047571924,
            0.25404952726185187,
            0.5005557842923732,
            0.6534137836351495,
            0.4315001734857461,
            0.19092627026017928,
            0.3322842176874855,
            0.2033197947877199,
            0.26939216474608374,
            0.48841011426654896,
            0.25974463984316387,
            0.24629634844378814,
            0.2975152289858162,
            0.14937213018511528,
            0.35319783375000097,
            0.24231482541660665,
            0.3256553020374227,
